time,S,T
0.0,0.0,290.76584637338794
60.0,0.0,291.3890560234582
120.0,0.0,291.0869101144574
180.0,0.0,290.43880678134923
240.0,0.0,291.015540023909
300.0,0.0,290.70521027034994
360.0,0.0,290.4197020120388
420.0,0.0,290.87462506825324
480.0,0.0,290.6370888099261
540.0,0.0,290.4501876592531
600.0,0.0,290.92019975316947
660.0,0.0,291.61164942908306
720.0,0.0,291.9099086841637
780.0,0.0,291.4767327845695
840.0,0.0,291.81625937312464
900.0,0.0,290.6410439619813
960.0,0.0,290.9649027439951
1020.0,0.0,290.8317774197707
1080.0,0.0,291.00415672086655
1140.0,0.0,291.4635392508245
1200.0,0.0,290.9058224503797
1260.0,0.0,290.4928422352634
1320.0,0.0,290.83606533145024
1380.0,0.0,291.524020830432
1440.0,0.0,291.54884535058807
1500.0,0.0,290.5671761873312
1560.0,0.0,290.9262163163301
1620.0,0.0,291.7667529160232
1680.0,0.0,291.30014280867874
1740.0,0.0,290.60612855436057
1800.0,0.0,291.5822336962332
1860.0,0.0,291.35199261819605
1920.0,0.0,291.08656447378246
1980.0,0.0,291.65220827642673
2040.0,0.0,292.424858170776
2100.0,0.0,291.359595578744
2160.0,0.0,291.7344369342816
2220.0,0.0,291.31236683054556
2280.0,0.0,290.5569532389399
2340.0,0.0,291.1378128627771
2400.0,0.0,291.01105886712895
2460.0,0.0,291.4144658994121
2520.0,0.0,290.95232386182187
2580.0,0.0,291.8300605678062
2640.0,0.0,291.2504893320544
2700.0,0.0,291.6204209060274
2760.0,0.0,291.04721425399026
2820.0,0.0,291.2875296961133
2880.0,0.0,290.2166778872717
2940.0,0.0,291.2665906094222
3000.0,0.0,291.18812487415835
3060.0,0.0,290.2931032195369
3120.0,0.0,291.1539434009632
3180.0,0.0,290.27001447356616
3240.0,0.0,291.79307603779273
3300.0,0.0,291.3732034351924
3360.0,0.0,292.2649774129407
3420.0,0.0,289.9580808512579
3480.0,0.0,290.9790511255032
3540.0,0.0,290.9570353795744
3600.0,0.0,291.01318218373285
3660.0,0.0,291.7067331719975
3720.0,0.0,291.5433679811722
3780.0,0.0,290.27475119446945
3840.0,0.0,291.07575012086863
3900.0,0.0,290.76110966569377
3960.0,0.0,291.8607797409469
4020.0,0.0,290.64534066733677
4080.0,0.0,290.221540993672
4140.0,0.0,290.7902699919317
4200.0,0.0,291.5051004046618
4260.0,0.0,290.8305486460779
4320.0,0.0,290.9057676087913
4380.0,0.0,291.0819880053938
4440.0,0.0,291.3906274417536
4500.0,0.0,290.4653703552202
4560.0,0.0,291.5350298098905
4620.0,0.0,291.35686237374443
4680.0,0.0,290.8595207189578
4740.0,0.0,291.2480956181164
4800.0,0.0,291.5074994045538
4860.0,0.0,290.811781773413
4920.0,0.0,291.4926788692757
4980.0,0.0,291.5687643475023
5040.0,0.0,290.1593908676119
5100.0,0.0,291.54847932798884
5160.0,0.0,290.3294626341204
5220.0,0.0,291.20246967906513
5280.0,0.0,290.8648502338035
5340.0,0.0,291.5191720029045
5400.0,0.0,291.3005248980368
5460.0,0.0,291.35007218337137
5520.0,0.0,291.0453980029461
5580.0,0.0,291.06924959237415
5640.0,0.0,290.5756154509005
5700.0,0.0,291.7830025347484
5760.0,0.0,291.1658366153616
5820.0,0.0,290.606974058003
5880.0,0.0,290.7762494152988
5940.0,0.0,291.13822319981773
6000.0,0.0,291.23002349234514
6060.0,0.0,291.9047454597502
6120.0,0.0,290.9623055998181
6180.0,0.0,291.4493384920265
6240.0,0.0,291.4147156137292
6300.0,0.0,291.8867623287795
6360.0,0.0,292.6706047948203
6420.0,0.0,291.5971685729111
6480.0,0.0,291.0252317605771
6540.0,0.0,291.5703437785941
6600.0,0.0,290.8635288727471
6660.0,0.0,290.9802207208825
6720.0,0.0,291.95668636182575
6780.0,0.0,291.38353279502326
6840.0,0.0,290.4848003098664
6900.0,0.0,291.51117754924735
6960.0,0.0,291.3410468286707
7020.0,0.0,291.1380705639295
7080.0,0.0,291.0899022552854
7140.0,0.0,290.43856687641613
7200.0,0.0,291.37327679947396
7260.0,0.0,291.10866878437304
7320.0,0.0,290.7469887870963
7380.0,0.0,291.49069020997644
7440.0,0.0,291.6910074263547
7500.0,0.0,290.65393634912095
7560.0,0.0,290.3609037039267
7620.0,0.0,291.14475295007315
7680.0,0.0,291.5800896667182
7740.0,0.0,291.5579875994643
7800.0,0.0,291.2074342949962
7860.0,0.0,292.1362495013226
7920.0,0.0,291.69349629652027
7980.0,0.0,290.7402761831912
8040.0,0.0,291.0176946506292
8100.0,0.0,291.3381820558098
8160.0,0.0,291.30556714750537
8220.0,0.0,291.5734162877362
8280.0,0.0,290.0903225079197
8340.0,0.0,291.4504280367595
8400.0,0.0,290.52308364036224
8460.0,0.0,291.6940521802295
8520.0,0.0,290.86057528831486
8580.0,0.0,291.140564030787
8640.0,0.0,291.14243859288325
8700.0,0.0,291.0175131045158
8760.0,0.0,290.93254112611146
8820.0,0.0,291.32361919722297
8880.0,0.0,290.68181146846314
8940.0,0.0,290.96800806746865
9000.0,0.0,291.5913655709309
9060.0,0.0,290.35545779239027
9120.0,0.0,291.9225394205633
9180.0,0.0,291.33825627276633
9240.0,0.0,291.4736446615976
9300.0,0.0,291.77502834988513
9360.0,0.0,291.25310423750165
9420.0,0.0,291.12482839423456
9480.0,0.0,291.24725398774507
9540.0,0.0,292.1756498067178
9600.0,0.0,290.4078977975159
9660.0,0.0,290.9483382028506
9720.0,0.0,291.17060595752156
9780.0,0.0,291.0934235872059
9840.0,0.0,290.77465088933684
9900.0,0.0,290.71948832779816
9960.0,0.0,290.9857634466329
10020.0,0.0,290.85146708914704
10080.0,0.0,290.9333677897519
10140.0,0.0,290.66064905631805
10200.0,0.0,291.0497385166368
10260.0,0.0,291.00320984901117
10320.0,0.0,290.2756402960684
10380.0,0.0,291.39476912333936
10440.0,0.0,290.76918923272405
10500.0,0.0,291.10784009656453
10560.0,0.0,290.62488091150675
10620.0,0.0,290.79257136099
10680.0,0.0,291.0068937494332
10740.0,0.0,291.4038350346041
10800.0,0.0,291.60927048764324
10860.0,0.0,291.29517277545
10920.0,0.0,291.1748432479031
10980.0,0.0,291.26656722815056
11040.0,0.0,290.70468858186103
11100.0,0.0,292.38627383989717
11160.0,0.0,290.7481243377119
11220.0,0.0,291.37130907336314
11280.0,0.0,290.8415113922866
11340.0,0.0,292.006327110992
11400.0,0.0,291.3030251600807
11460.0,0.0,290.9125987703121
11520.0,0.0,290.9678848248728
11580.0,0.0,290.9079972395708
11640.0,0.0,292.0410168971772
11700.0,0.0,291.40699839159487
11760.0,0.0,291.2989834069653
11820.0,0.0,290.95282699081474
11880.0,0.0,290.54900683533924
11940.0,0.0,291.0203259688676
12000.0,0.0,291.4730298940819
12060.0,0.0,291.42937823756995
12120.0,0.0,290.28864258523026
12180.0,0.0,290.87806231121033
12240.0,0.0,291.3099637445092
12300.0,0.0,290.9095640276243
12360.0,0.0,292.00300556112006
12420.0,0.0,291.1409057874522
12480.0,0.0,291.38114504417143
12540.0,0.0,290.69895203659377
12600.0,0.0,291.2491639372472
12660.0,0.0,291.7381217985497
12720.0,0.0,290.95200646704257
12780.0,0.0,290.38487943801385
12840.0,0.0,291.21267201607947
12900.0,0.0,291.64316909108874
12960.0,0.0,291.37087382829895
13020.0,0.0,291.63259988818805
13080.0,0.0,291.0298426695274
13140.0,0.0,290.15191479648576
13200.0,0.0,290.7205614187932
13260.0,0.0,290.65953286445455
13320.0,0.0,291.22162257685414
13380.0,0.0,291.83992010621205
13440.0,0.0,291.92024958074217
13500.0,0.0,290.7675923780968
13560.0,0.0,291.0688344555195
13620.0,0.0,291.79652724506855
13680.0,0.0,291.5767855983585
13740.0,0.0,291.39235182990575
13800.0,0.0,291.4737502421578
13860.0,0.0,291.1173102217334
13920.0,0.0,291.81504132851785
13980.0,0.0,290.33960699919123
14040.0,0.0,291.6075924073699
14100.0,0.0,290.6183216544202
14160.0,0.0,291.67210531545834
14220.0,0.0,292.11850933926405
14280.0,0.0,290.70616067854974
14340.0,0.0,291.27959559969
14400.0,0.0,290.7242831664248
14460.0,0.0,290.3323414823423
14520.0,0.0,290.92791593358356
14580.0,0.0,291.42711989181515
14640.0,0.0,291.19400478992156
14700.0,0.0,290.39207887385703
14760.0,0.0,290.5562391989599
14820.0,0.0,291.28807804794235
14880.0,0.0,290.7573980051864
14940.0,0.0,291.2094200285084
15000.0,0.0,291.3205368928894
15060.0,0.0,291.42697363218264
15120.0,0.0,291.73850242280685
15180.0,0.0,291.066814685925
15240.0,0.0,291.32211897454084
15300.0,0.0,291.68267139645053
15360.0,0.0,290.8587705347511
15420.0,0.0,290.64238288616434
15480.0,0.0,290.65710447970764
15540.0,0.0,291.30575808059706
15600.0,0.0,291.80484931252954
15660.0,0.0,291.38216791906575
15720.0,0.0,290.7735662980119
15780.0,0.0,291.85180506077165
15840.0,0.0,290.76920372463474
15900.0,0.0,290.8450505011084
15960.0,0.0,291.4026543215763
16020.0,0.0,291.1458872640509
16080.0,0.0,291.3733960907677
16140.0,0.0,291.3151287645249
16200.0,0.0,290.6099507714546
16260.0,0.0,291.9461215642377
16320.0,0.0,290.4846580915009
16380.0,0.0,291.39365345947584
16440.0,0.0,291.1604972934629
16500.0,0.0,290.52273897208187
16560.0,0.0,291.52421833370806
16620.0,0.0,290.9859358348901
16680.0,0.0,291.06313966147513
16740.0,0.0,291.7049546781342
16800.0,0.0,290.6251923014238
16860.0,0.0,290.9430362214536
16920.0,0.0,291.38699978752237
16980.0,0.0,291.0865662430003
17040.0,0.0,291.8417907594463
17100.0,0.0,290.6955862148795
17160.0,0.0,291.60224623387904
17220.0,0.0,291.3421638630706
17280.0,0.0,292.09866533737056
17340.0,0.0,291.0822697476492
17400.0,0.0,291.08846772647615
17460.0,0.0,291.2879386763962
17520.0,0.0,291.52271852659953
17580.0,0.0,291.0704640107557
17640.0,0.0,290.4862769358723
17700.0,0.0,291.6095971485165
17760.0,0.0,290.23476783478094
17820.0,0.0,290.21144326070504
17880.0,0.0,291.49042588556506
17940.0,0.0,291.8131747701771
18000.0,0.0,290.0093322256767
18060.0,0.0,290.7990295214656
18120.0,0.0,291.3025053066162
18180.0,0.0,291.26189566235524
18240.0,0.0,291.19066679511644
18300.0,0.0,291.45026622277567
18360.0,0.0,290.87202673039286
18420.0,0.0,291.17446417161443
18480.0,0.0,291.4163273321225
18540.0,0.0,291.05513971301144
18600.0,0.0,291.3402425410994
18660.0,0.0,291.72623793013867
18720.0,0.0,291.824226256199
18780.0,0.0,290.5611937287499
18840.0,0.0,290.9932859890578
18900.0,0.0,291.10968688820617
18960.0,0.0,290.68648766974246
19020.0,0.0,291.7766499808124
19080.0,0.0,291.62512425031446
19140.0,0.0,291.48855665558176
19200.0,0.0,290.79949022920266
19260.0,0.0,291.8292889985744
19320.0,0.0,290.99358652865004
19380.0,0.0,291.1328028905054
19440.0,0.0,291.43526441251004
19500.0,0.0,291.6188192201801
19560.0,0.0,291.2905469682738
19620.0,0.0,290.9939583074441
19680.0,0.0,290.5421006299131
19740.0,0.0,290.9926796279612
19800.0,0.0,291.5314231058582
19860.0,0.0,290.9962397506642
19920.0,0.0,291.56210221982786
19980.0,0.0,290.38445867727035
20040.0,0.0,291.35504013161545
20100.0,0.0,291.5384164998807
20160.0,0.0,291.0195221812759
20220.0,0.0,291.4465928075647
20280.0,0.0,290.1533974300975
20340.0,0.0,290.7245620097245
20400.0,0.0,290.8905820011424
20460.0,0.0,289.97871449336964
20520.0,0.0,291.82174771728626
20580.0,0.0,291.3225509308684
20640.0,0.0,291.6216137947986
20700.0,0.0,290.48610851286765
20760.0,0.0,291.5754871835399
20820.0,0.0,290.7945816654319
20880.0,0.0,292.05876810083697
20940.0,0.0,291.4284953082293
21000.0,0.0,290.4618745434248
21060.0,0.0,290.9431062968865
21120.0,0.0,291.2305311536289
21180.0,0.0,291.3993810037904
21240.0,0.0,290.9008167085538
21300.0,0.0,291.64286600278376
21360.0,0.0,291.1472587290665
21420.0,0.0,292.3822030540756
21480.0,0.0,290.24127263729355
21540.0,0.0,291.2133439854872
21600.0,146.46818401046104,291.6950840687836
21660.0,171.00664930254018,291.3165699430033
21720.0,107.23493772268618,292.34576899196725
21780.0,120.57618722938035,291.4544830553749
21840.0,160.1829453907933,291.50129764924736
21900.0,116.63362852566034,291.086688250797
21960.0,158.50087218918992,290.80628064094054
22020.0,162.3694560562065,290.59132331417595
22080.0,183.98520866492646,290.60227289471345
22140.0,179.43351215479979,290.2766279308496
22200.0,116.4051161342345,290.8738928260646
22260.0,160.29006937446758,291.7271297960666
22320.0,236.6027291431148,291.2180977001572
22380.0,166.65114569563053,291.2921223085117
22440.0,229.14862414852632,291.43961014893455
22500.0,208.0372453231082,290.9053868982267
22560.0,184.30024674413346,291.554066868996
22620.0,245.21974956176794,290.3778472656433
22680.0,191.00455627051196,292.0267345734536
22740.0,180.27816045442626,291.8617505085356
22800.0,206.18658280972505,291.42098341317296
22860.0,215.1713086386615,290.8813716263912
22920.0,246.82255105689177,291.4701242377763
22980.0,245.38001123396663,291.42284626009456
23040.0,249.37741270609007,290.68628141478786
23100.0,220.76101861126955,291.47888854549655
23160.0,221.2722450608869,291.31360257757416
23220.0,200.09329276385787,292.0044563445889
23280.0,200.2283155559306,291.8420330198617
23340.0,280.0117242085281,290.99355004858484
23400.0,257.2152768370965,291.3903166727979
23460.0,195.926570064513,290.95024450866134
23520.0,243.53724563459758,292.3010565034676
23580.0,241.17114731877848,291.8840776717461
23640.0,257.56599772187474,292.2132438204851
23700.0,241.46566758198526,291.2136732200684
23760.0,283.95457815509803,291.7744108269058
23820.0,261.7491333914995,291.34978432769157
23880.0,268.38706564354663,291.7163653888693
23940.0,236.06329324126034,291.6640393530836
24000.0,287.6810373073022,291.25301404357975
24060.0,242.16139426288322,291.80661373898164
24120.0,257.6010782127418,291.82806014102687
24180.0,259.113402134839,291.321629337425
24240.0,270.4370576061748,292.2192622635429
24300.0,220.27441294697064,291.9692596250125
24360.0,237.17650177881902,292.1685601230045
24420.0,254.80715599212775,291.4484553124616
24480.0,225.48756957957642,292.0798059494091
24540.0,205.42684760237162,291.78325890660136
24600.0,223.82663666563053,291.4479086689221
24660.0,268.83288124545743,290.6000195965165
24720.0,282.371458558169,291.4814876130594
24780.0,285.25960848591615,292.06457848005545
24840.0,232.5268099246782,291.84560303708435
24900.0,290.701949745246,291.1949121729212
24960.0,265.50695033000136,291.07216180745763
25020.0,184.70651210727152,291.48919362687445
25080.0,260.5290650499395,291.890425159294
25140.0,269.91966522063814,291.50072866469503
25200.0,254.93350728284128,291.2733686564104
25260.0,210.7987267060274,292.44638581952086
25320.0,250.0905841907258,291.2186019890476
25380.0,236.2407823034899,292.54472896770227
25440.0,264.7069667402065,293.2106473313661
25500.0,253.94331997748358,292.74806797813886
25560.0,207.31456181846454,292.34227657154713
25620.0,216.54075024573922,291.32969976993246
25680.0,275.8274524302848,292.5869298307428
25740.0,258.76566631406666,291.93785652764984
25800.0,292.60509189708677,292.7646929948072
25860.0,288.5535377707853,292.48983330573265
25920.0,257.7544787321082,291.4131269027179
25980.0,279.65954792268434,292.8268890200285
26040.0,282.2688571256728,293.49911185493806
26100.0,283.3791292662104,292.4330086898936
26160.0,275.06808978695597,291.8739367450821
26220.0,229.3915111616093,292.74392389133186
26280.0,215.93130337896116,292.1827750493588
26340.0,309.6533784563835,292.50945263054166
26400.0,242.59764698460862,293.379547425203
26460.0,289.33523819189713,292.66391739634224
26520.0,293.97555205973055,292.3556060647639
26580.0,267.89869559839707,292.4346330651497
26640.0,242.74010842097866,292.704503395965
26700.0,260.2683584463966,292.2280516453344
26760.0,238.3833032464109,291.622784287188
26820.0,210.9226049447076,292.60961784436256
26880.0,258.6025215384883,292.3151763534366
26940.0,323.87173314130814,291.75774405890814
27000.0,279.386939021851,292.84431413675264
27060.0,285.92418870849053,292.56996481326763
27120.0,270.63818932032274,292.5648225550819
27180.0,301.9086314445842,292.34767869525194
27240.0,251.4373036682768,292.3898881099029
27300.0,265.4657866984088,292.9063693625854
27360.0,263.69936411005864,291.8969800905579
27420.0,287.56522567069715,292.99744895220533
27480.0,311.3482373701076,293.1379498663803
27540.0,366.1437640265274,292.74778686310736
27600.0,313.812100965577,292.7083328469693
27660.0,322.6414322000969,292.4274057733974
27720.0,300.08328439352096,293.6115226764187
27780.0,312.7151563269025,293.6050083218239
27840.0,303.07251370978867,293.139227933524
27900.0,347.1226185594047,293.24366132607656
27960.0,375.33331634595277,291.8616225118907
28020.0,345.72479293186825,292.83316819878496
28080.0,306.6137610024515,293.0091802969314
28140.0,370.5263263680729,293.26445875838596
28200.0,361.3350493891,293.34037513601123
28260.0,322.56655789744616,293.3653288243798
28320.0,332.40385191009966,293.2445166628911
28380.0,416.2917330844761,293.1845910872991
28440.0,392.85870935338505,293.4364585401671
28500.0,400.63843394556744,293.0447996285406
28560.0,411.6040307966933,292.9915149160684
28620.0,367.13049446921895,293.34506029508174
28680.0,431.8609609249192,293.07118146249024
28740.0,433.5875166151807,293.6520852548371
28800.0,417.1546910708343,293.0747855129851
28860.0,350.1184465597644,293.16501654366317
28920.0,452.881821664139,294.49544914165205
28980.0,446.57870983770334,293.1180428464466
29040.0,458.07095512672447,293.3303585568127
29100.0,432.44539725797114,293.53379915936955
29160.0,458.9237359708203,293.62111088334933
29220.0,451.3840920982736,293.41876411864894
29280.0,471.7471561624803,293.5142303295149
29340.0,449.8258081137388,293.2835578884998
29400.0,447.57329925327633,293.08676022582796
29460.0,431.66088044857725,293.4427688368534
29520.0,532.4548768287085,294.2704254250015
29580.0,490.74954682835545,293.8928521569354
29640.0,491.5404234527012,293.6454113138173
29700.0,466.5497602712824,293.14443317788636
29760.0,475.45767149353145,293.3292063929973
29820.0,514.358138296877,294.42116178073206
29880.0,526.3924514970432,294.4212451862449
29940.0,509.48703156234706,292.6599629910143
30000.0,491.1492788036822,293.0449044760917
30060.0,523.0562011113474,293.8916960582797
30120.0,558.3586336498979,294.49052846757013
30180.0,530.2500405306569,293.84707341850145
30240.0,530.6963751868634,293.47404229700584
30300.0,503.3868376065378,293.8743211521662
30360.0,585.2071879675505,292.8241590770646
30420.0,595.8266199247394,294.0104454236523
30480.0,504.937236032279,293.86848176700613
30540.0,563.5280104385674,294.59544480689686
30600.0,536.9290660100307,294.3346658112439
30660.0,539.6304017571888,294.01117782666483
30720.0,586.1003754162567,293.58044971288837
30780.0,601.9839495379895,295.27149256949855
30840.0,557.871676240706,294.23516210774943
30900.0,608.4434208996815,294.1219774235684
30960.0,606.9481597962658,294.5126527702502
31020.0,560.9698040809611,294.9072789964897
31080.0,609.1248230319276,293.6617907519379
31140.0,623.9669040262531,294.6835534018551
31200.0,556.8500769188328,294.73963664372263
31260.0,603.6524708724094,295.0255627017463
31320.0,561.8401331730349,294.3381165438572
31380.0,602.8096598159269,294.6972565847941
31440.0,560.0113152509576,295.1835691920538
31500.0,607.6293758032858,294.5815617717213
31560.0,558.3099199061526,294.66009299361696
31620.0,604.4877438464845,294.1933130802302
31680.0,565.4168250496231,294.2275020202611
31740.0,608.0020254393584,294.2694412514034
31800.0,634.0655250090875,295.04572280404204
31860.0,629.5527215758426,295.59013662656724
31920.0,615.017635907925,295.1815542985489
31980.0,569.6749977929098,295.01823595568044
32040.0,620.7892887381884,294.77076385250064
32100.0,600.9332665637489,295.26111425681955
32160.0,633.8024433676801,295.1289224283022
32220.0,598.7211921720077,295.4039013091021
32280.0,671.3390446452206,294.7575123519024
32340.0,602.8198719550883,295.5461687341739
32400.0,625.6610630489058,295.4400373461588
32460.0,672.613817459283,294.6071855858527
32520.0,592.7792749980077,294.81444768764936
32580.0,638.7582133621702,295.86602945849654
32640.0,609.0759072274128,295.57243673167596
32700.0,612.1109620167874,294.9915813003224
32760.0,598.9155979685486,295.4746371492187
32820.0,647.1584429239404,295.2970911292277
32880.0,587.5709764638448,294.8868053826286
32940.0,623.7239914540949,294.6095371536026
33000.0,633.9540681027846,295.22521975988707
33060.0,618.7121822940184,295.03946095762524
33120.0,622.5397387255052,295.7661697063433
33180.0,660.1155107050072,294.94902607328294
33240.0,613.7319282019854,295.3091020949768
33300.0,609.1057436898141,295.5103237063686
33360.0,543.5044135336576,294.86712256522634
33420.0,696.2052487476783,296.1586308640631
33480.0,591.9142466303432,296.14800847201656
33540.0,590.021627085464,295.3597307885899
33600.0,575.0820965473059,295.231817100577
33660.0,562.232241034843,296.0083720398263
33720.0,710.8942834893745,295.9295749090251
33780.0,605.9388818301923,295.5753984009035
33840.0,606.428518103767,295.5088774322228
33900.0,604.6090161863535,295.9010530274847
33960.0,634.1635172085296,294.63791908994995
34020.0,616.9021322781276,295.47548358033185
34080.0,697.7350069165042,295.958610489329
34140.0,663.1872908681029,296.4876591081154
34200.0,633.4602903558708,296.0934046582362
34260.0,668.1424092094136,297.0439683107899
34320.0,655.6461418713,296.3403846880103
34380.0,612.363563759748,296.3923893003035
34440.0,665.5127539764737,295.855202248763
34500.0,661.3923788963655,296.0121010194243
34560.0,707.4827251232834,295.52969710216996
34620.0,636.8464784051108,296.46012587980687
34680.0,705.2974776578222,296.70250201252173
34740.0,701.0194777180806,295.90364885825085
34800.0,702.5998007081944,297.169726881298
34860.0,696.2701820136548,296.301316723635
34920.0,670.5442255152584,296.83503108305626
34980.0,754.8567152630926,295.56702603233384
35040.0,724.0372145808933,297.47369273677447
35100.0,758.7925137850899,296.82358407583865
35160.0,760.1536515490936,297.09168174876027
35220.0,737.4764716167923,295.63575640928264
35280.0,722.1942622309161,297.1924848400849
35340.0,787.0885863783769,296.91285057677817
35400.0,710.8449509414726,296.3749817526182
35460.0,768.3952956137603,295.7229426740185
35520.0,742.6147806441136,296.10056359198785
35580.0,748.0910841678798,296.6005067326374
35640.0,789.4921829841313,295.76326504432944
35700.0,787.2063669712077,297.0407288118393
35760.0,762.2051598683382,295.6726980810931
35820.0,783.1975826976322,297.61704343897196
35880.0,800.7324331320052,296.18218988187937
35940.0,836.4638227627277,296.6702766470422
36000.0,779.1146244624434,296.8529604571341
36060.0,782.0037458440463,297.6156946570982
36120.0,817.858275179318,297.1325331710373
36180.0,870.735947757126,297.45824016976206
36240.0,845.5037717766025,297.87176726835827
36300.0,820.2831542577302,297.3148752154586
36360.0,853.1439052538071,298.2487491377432
36420.0,831.2807008073021,297.6372433535807
36480.0,827.1371787440154,296.6586782558232
36540.0,844.2069350755947,297.4047356387416
36600.0,866.2616647837103,297.10213001044804
36660.0,860.7272107114344,298.12725343357107
36720.0,835.906002306497,297.96351345294437
36780.0,889.1522102134478,298.6217966859401
36840.0,942.9047877259986,298.75878851005814
36900.0,863.5507338909878,297.5509821986077
36960.0,822.3372539381411,297.7752581471093
37020.0,833.898338339072,298.02375598607784
37080.0,883.5986394930778,298.9686060508393
37140.0,882.6339582375309,298.8907430772778
37200.0,908.6159947212677,297.78886600541773
37260.0,889.5979693002878,298.4820722039765
37320.0,910.6295263647594,298.11604386424153
37380.0,928.2079486513895,297.79184552950073
37440.0,921.322503962254,298.2016623822827
37500.0,897.5092383139016,298.0555542672728
37560.0,812.2997934154834,298.8189457180823
37620.0,961.0695629694802,298.23003187431254
37680.0,937.6377539184346,298.42639124565204
37740.0,860.1347502349756,297.7983273914055
37800.0,935.1687736090922,298.0427111348993
37860.0,927.3859103804367,297.58318709889846
37920.0,991.4376509562844,298.6788864794191
37980.0,903.6632886288548,298.00762957191876
38040.0,914.7569774273355,297.5442835158946
38100.0,867.5727821824141,299.42012735769003
38160.0,929.5818756144406,299.289543614687
38220.0,889.260641070853,299.03032191514126
38280.0,977.3211914934318,298.11324203137127
38340.0,915.6615570958332,298.73119117104295
38400.0,947.5211720926956,298.330481656279
38460.0,962.5597454759134,298.2412701660476
38520.0,917.1322795860704,298.6906788681768
38580.0,940.8377392673159,299.355415433167
38640.0,935.5884260847605,298.3869912957493
38700.0,956.7690256543386,297.8289225714732
38760.0,987.9652093362765,299.7188549342091
38820.0,947.4484917788343,299.00714295827936
38880.0,974.4201435004521,299.0741263634307
38940.0,947.4541003685873,299.7357773407347
39000.0,987.4183197130845,298.60690534051884
39060.0,975.8786180098359,299.1648188581814
39120.0,911.4693982515406,299.42045117142436
39180.0,985.1623329448785,299.490535451091
39240.0,956.2441437854952,299.2327249923464
39300.0,927.5556889301262,300.17911839742726
39360.0,987.713785811098,299.3538585113827
39420.0,914.1875547575182,299.8231369966944
39480.0,921.1893952955346,299.7903545839639
39540.0,933.0093883714806,299.80775658180437
39600.0,930.5790595296754,299.87448387837446
39660.0,942.4384479402614,299.5359669073333
39720.0,983.9009983606809,299.88429202613736
39780.0,925.2506371681783,299.9402111319457
39840.0,938.4627848498617,299.7386467658222
39900.0,966.431594260581,299.14034205970137
39960.0,915.6201105252771,300.2593800730577
40020.0,938.64297542485,299.8825347140707
40080.0,910.7656546608331,300.0891189155714
40140.0,967.3223094968163,300.21890209499907
40200.0,974.0395441726699,300.26352506056503
40260.0,936.5271676835297,299.9038393356467
40320.0,929.8835518542459,299.7134919417492
40380.0,939.4432975582118,299.68093289884763
40440.0,922.916737465034,300.6638859466788
40500.0,940.0120443271134,299.73453135586163
40560.0,911.7207871788281,300.2948933706545
40620.0,971.7612660293449,300.6896110299126
40680.0,956.2647536146161,300.227185772876
40740.0,919.741956965971,300.26733253000486
40800.0,929.6651820787661,300.19329949034517
40860.0,941.933440960525,300.8970803152511
40920.0,928.1981596060658,300.45881806277845
40980.0,923.890952691328,301.43884989684705
41040.0,951.0619955755504,300.6633640837623
41100.0,947.2097916075725,301.014148440775
41160.0,947.1675950099404,301.11629203773913
41220.0,955.6147522044998,300.1711688073881
41280.0,936.7189413954109,300.86213436048143
41340.0,903.0866363473828,301.3937256310509
41400.0,907.6387080818711,301.02537194480567
41460.0,948.8350735300629,300.11319833568945
41520.0,971.6832409539619,300.6820519667258
41580.0,981.0168221924652,301.15570701485046
41640.0,963.4304279242093,301.57132513670456
41700.0,938.4608127384023,301.4411778407743
41760.0,965.8733013640276,300.5378462438585
41820.0,1016.8713885662448,301.81267919218084
41880.0,971.3827110681767,301.157705944785
41940.0,958.5372968838976,300.92440613445336
42000.0,916.2275711062546,301.2006177133464
42060.0,911.3229140458483,301.8767992491821
42120.0,948.167251004059,301.63356431703784
42180.0,941.6914247651432,301.1709058248668
42240.0,1022.6753901536794,301.7913967567146
42300.0,946.5519207666816,301.670746024534
42360.0,954.7048001565641,301.6103274431961
42420.0,1008.607585098552,302.9246975164541
42480.0,976.0601464928579,302.37410354483865
42540.0,1001.8180984320582,301.7785737560521
42600.0,922.0826252593447,301.74804011682124
42660.0,979.3622505336978,302.10572376286166
42720.0,955.6482145876622,301.80273724286945
42780.0,965.7893741680754,301.92937586568524
42840.0,966.394602741196,302.2839558017675
42900.0,960.9037485191701,301.8468726389227
42960.0,1004.3142308734128,301.71390130880417
43020.0,990.7247633785913,302.278775287733
43080.0,969.3324069964877,302.1452827903854
43140.0,1013.8089049152238,302.2181841848076
43200.0,1017.8772795884518,302.61039030183264
43260.0,950.435447355329,301.7957536224261
43320.0,992.9670136939451,301.68366891287764
43380.0,1022.0122950196209,301.86406443261313
43440.0,1034.8917436554682,301.759529900381
43500.0,991.4140081403231,302.2050580451461
43560.0,1014.2510530699332,302.8117062183407
43620.0,986.0614701036727,302.3267351114071
43680.0,1037.2501457507815,302.5885192092981
43740.0,1041.9458526848314,302.2977713857558
43800.0,1013.2974800192824,302.8634667525141
43860.0,1114.6473246483372,302.49309793997116
43920.0,1091.0533023613982,302.8006287550605
43980.0,1022.5326408928701,303.00994013342375
44040.0,1029.2933866709848,302.05760677210105
44100.0,1039.35143081884,302.78991583805185
44160.0,1038.3418884670893,303.3435315131033
44220.0,1005.973030684582,302.38654772669787
44280.0,988.9228118057962,302.51663913588095
44340.0,1058.1823505274406,303.04799995737835
44400.0,1012.0991129103069,304.3531840422067
44460.0,979.8228848756559,303.22739293641854
44520.0,1098.4337849068038,302.8814416668431
44580.0,1047.0655776447668,302.4136852083777
44640.0,1023.1304527106578,304.33996770306476
44700.0,1006.7433570796439,303.7433513249584
44760.0,1016.2747019220012,303.2432321956284
44820.0,1020.1740275301592,303.46619956964304
44880.0,1051.817435151703,303.1030236681487
44940.0,1055.115279733964,303.4440897056693
45000.0,1036.2460606896238,302.6840737616944
45060.0,1010.6260137944525,303.81472434011334
45120.0,1062.355489184151,304.040024550509
45180.0,1010.6613790851871,303.4880381236806
45240.0,1039.9859537580317,303.6285144351913
45300.0,1001.7159322925677,303.5231715278255
45360.0,1012.7905655805894,303.92828399320695
45420.0,1000.0173388014027,304.2457091667097
45480.0,1066.9013332186921,303.85985432548364
45540.0,1044.2805377578347,303.7568873844785
45600.0,1050.6021743438155,304.187363393512
45660.0,965.6071752951128,304.5703104553644
45720.0,1031.053069019708,304.57651022899955
45780.0,998.3139388325612,303.7926879477177
45840.0,1008.8635648401824,303.8462843256977
45900.0,1029.0341367332287,304.07784662539547
45960.0,974.3939043308346,304.1590876533407
46020.0,977.9701174769904,304.43893408219714
46080.0,989.9092700710293,304.91903411123354
46140.0,925.7091118140798,304.25318045572214
46200.0,974.8221842492575,304.0919495471786
46260.0,1015.8829138877182,304.73621779981073
46320.0,971.4342550314595,304.60495255496505
46380.0,965.6608494390181,304.5233799486708
46440.0,982.4221979050908,305.1290808368381
46500.0,973.2174448625811,306.15047566942576
46560.0,958.2273507884553,304.6357058884613
46620.0,903.9597797697438,305.10573250278094
46680.0,952.9221982438548,305.78777305333927
46740.0,984.7634486675227,305.2543844018921
46800.0,953.7959046949937,305.06454607855227
46860.0,953.1350654788945,304.62891587682066
46920.0,944.6851758335081,305.00518381794717
46980.0,926.2361656121872,305.2465161986509
47040.0,932.852198596702,306.3177354052171
47100.0,874.3433739508283,305.43806150717586
47160.0,905.403890096016,305.35770171173453
47220.0,931.5729615240949,304.8991785059869
47280.0,954.8968692197914,305.26403737173064
47340.0,884.7093868112765,305.2024631452791
47400.0,903.0783290983146,305.6896420122005
47460.0,893.0826840132474,305.12978424767635
47520.0,923.5196007888255,305.5000626404335
47580.0,911.5026386924267,306.1626698022627
47640.0,921.5163504143167,305.64278889404096
47700.0,892.1165347936801,305.91065576183735
47760.0,928.1237492816667,306.25654081300024
47820.0,891.5441510465266,305.77148546474854
47880.0,896.0449857424508,305.04727463469465
47940.0,875.0742583537129,305.8145238360081
48000.0,912.695141138193,306.12934899537316
48060.0,885.6474028613231,306.9138377777136
48120.0,853.4491095400517,306.1253101359075
48180.0,893.3901412578105,305.7820093836783
48240.0,811.6246968593266,306.464126807213
48300.0,850.1329515982404,306.4117007469843
48360.0,866.9255881748212,305.999386123014
48420.0,855.9462131402175,306.821057334978
48480.0,796.6613294945452,306.84564348699524
48540.0,829.4072773615603,306.6638599633393
48600.0,821.0704802860853,306.606523373063
48660.0,813.1643636899611,306.16012115225595
48720.0,786.5096385045326,306.92809335278963
48780.0,818.1366636899778,307.15289792565187
48840.0,813.4513321576878,306.7441991907926
48900.0,836.0987258972323,306.8120928307685
48960.0,860.0656621224564,306.2334937070085
49020.0,752.9321879954717,306.81825412833666
49080.0,796.8676630520556,307.8372791364972
49140.0,786.4417536806395,306.62361646960755
49200.0,840.0316902798112,307.8794734751276
49260.0,847.630565243907,307.2144944728076
49320.0,815.3629581826093,307.74369771362853
49380.0,781.3291837471878,307.89107228904305
49440.0,787.3353229460952,306.27238388502536
49500.0,798.4001442439228,308.28192550246536
49560.0,777.7207621251563,307.5164656528269
49620.0,783.0467298566274,307.62706767423407
49680.0,805.0810290820315,307.50095323314355
49740.0,796.5810080745624,307.632766359446
49800.0,780.832114410036,307.1747129712691
49860.0,781.0616264640507,308.74482745237634
49920.0,823.0532057093692,307.6772467206887
49980.0,796.2864880754956,308.40487185802635
50040.0,802.318310761339,308.03940549227974
50100.0,809.490774561608,307.03303678893286
50160.0,757.8969117710081,308.19621508987336
50220.0,797.8114593539827,307.8708158345132
50280.0,848.8826988248846,307.3104003329711
50340.0,794.1580621698896,308.3934320346467
50400.0,824.2717599946642,308.0281336060189
50460.0,806.7183979704889,309.2404414980522
50520.0,791.9902571810752,307.15167203714935
50580.0,784.1000347513367,308.19190464659835
50640.0,787.816594549989,307.8504761881643
50700.0,833.3435863636649,308.3864178517155
50760.0,828.2764312521136,307.4992217195903
50820.0,809.3301837418488,307.50592680133127
50880.0,842.1911491977626,308.36255460673175
50940.0,834.7068487639899,307.6675929249571
51000.0,795.2152040175896,308.30075314880537
51060.0,820.5437674439927,308.5916169517599
51120.0,833.1985085367431,307.88570338377116
51180.0,815.5798043796576,307.4468531049183
51240.0,794.7069069925187,307.2689587266139
51300.0,779.8533061953643,308.00786463731436
51360.0,775.9352903070044,308.0560071110572
51420.0,802.7077687602015,308.46603094577574
51480.0,845.3169384822434,307.46610074964246
51540.0,769.6903527635922,308.0074351006064
51600.0,795.6805165936186,307.56861130769556
51660.0,801.0973926137353,308.0668161026488
51720.0,801.99284539511,307.68498172771814
51780.0,805.9415112436498,308.8071187601459
51840.0,794.2226254911054,307.5867401462922
51900.0,782.0980809426062,308.2916619877892
51960.0,804.7083200279741,308.2400220263042
52020.0,757.7926825305137,307.7471477219948
52080.0,739.1105769163776,307.24534538474916
52140.0,730.5697717769787,307.54053436135325
52200.0,770.7431080015033,307.77406158297924
52260.0,783.2286693225475,307.3103278023498
52320.0,731.3877417438639,308.06612186506675
52380.0,739.6246867156277,307.09943462972245
52440.0,739.1885873707624,307.2107992667403
52500.0,736.7585595910209,307.7128292571867
52560.0,772.2829940087958,307.2183836139132
52620.0,772.0941160323175,307.11132314785755
52680.0,760.1519910825814,306.6728239344438
52740.0,721.7884138590282,308.06165376165126
52800.0,691.3745461844298,307.83360401577266
52860.0,750.9248096458422,306.36625773561315
52920.0,689.6086107822456,307.3242815791512
52980.0,740.7611847746175,307.52174135749186
53040.0,696.8923082777386,307.5968712782514
53100.0,696.5167939653418,307.0303911027757
53160.0,691.3674439371764,306.554887941502
53220.0,649.7166229766125,307.1243557009869
53280.0,651.2519383338353,307.26239803926364
53340.0,668.1003173855763,307.91350935581545
53400.0,589.5036975833517,307.8140433997689
53460.0,687.4606585855241,307.3269296736659
53520.0,669.5661459542085,307.5629476501421
53580.0,638.492825314133,306.6609400568078
53640.0,652.0707330696339,306.72787226120766
53700.0,615.4383023687741,307.3120412943241
53760.0,658.3312293441586,307.1566940655499
53820.0,650.5984741670927,306.73426638611807
53880.0,592.1023116971845,307.0042767319871
53940.0,626.9460003921512,306.38370320232826
54000.0,588.8727392669146,307.4937987692571
54060.0,634.217629812708,307.40878357592726
54120.0,647.7338369425503,306.9357316509144
54180.0,569.9352789748433,306.71352825851346
54240.0,554.4429771550894,308.1668181025004
54300.0,546.1274159133173,306.9766103213717
54360.0,581.0132632270916,306.37829010903357
54420.0,618.6355526831588,306.5449032170241
54480.0,557.2502380785826,306.75509473110577
54540.0,588.313253826451,306.67521056876006
54600.0,604.7429711809347,305.81936124180197
54660.0,552.6444865012418,306.5058693671847
54720.0,534.5214233450112,305.82397349417
54780.0,441.2553845128075,306.3842622853431
54840.0,550.7474000520735,307.02633218890156
54900.0,502.64981529884125,306.6728700230895
54960.0,523.286230615567,306.2415056418983
55020.0,539.5784902234049,306.6470911459748
55080.0,505.84546168150723,306.3415942262114
55140.0,529.346498091083,307.2302832256473
55200.0,466.23393415173655,307.3811696874401
55260.0,441.7218780202437,307.3428085211303
55320.0,486.43391191810287,305.7687218959806
55380.0,432.0996566504465,306.8470427641236
55440.0,509.9963295649414,305.60235435172433
55500.0,442.1042880405081,306.6176740340736
55560.0,433.0733856574416,306.51061109549835
55620.0,481.9303182363886,306.66979679496774
55680.0,378.1362744466739,305.8505242898759
55740.0,475.567586111974,306.7583657159257
55800.0,419.9508334942594,305.83876201676094
55860.0,430.7628197034521,305.491926650913
55920.0,484.16011781675854,307.00817135926513
55980.0,417.71436106207307,305.66727389827815
56040.0,447.03828537704396,306.83396023627125
56100.0,491.7945215321607,305.9909378680754
56160.0,402.3027160530122,306.1958770145736
56220.0,459.7706892668194,305.79190388475445
56280.0,437.8095221574611,306.9324683863662
56340.0,417.9510079210664,305.3024124831011
56400.0,449.46151214017976,305.23190331125096
56460.0,409.14111335377606,306.0802849251433
56520.0,466.3144386242222,306.2142049848096
56580.0,442.4269279911457,306.17166552184096
56640.0,463.30435524644764,305.84829487520506
56700.0,448.65605706428175,306.04246252400094
56760.0,391.59296876555857,306.02709905134196
56820.0,461.0723316896569,305.54683955443517
56880.0,423.2706418824737,306.4662915957678
56940.0,432.7394961728935,305.6179902406011
57000.0,426.94783502990146,305.56281868107226
57060.0,412.9214733846155,305.9980108937638
57120.0,418.45686162585247,305.74623388624457
57180.0,401.7270850615293,305.20115735173164
57240.0,366.5112409396651,306.4478236401563
57300.0,398.3705740419185,305.6998452943842
57360.0,459.6092473179617,306.0162410680921
57420.0,385.234585379769,305.7722827488744
57480.0,345.29510013499885,305.4325153598346
57540.0,433.3541752473303,306.1057679734493
57600.0,389.9580512077305,305.2741682654057
57660.0,395.3516852621623,304.8414349646376
57720.0,426.014060460046,305.4060951605098
57780.0,391.9158174083474,306.11366408189446
57840.0,381.4390417562996,304.8117182225337
57900.0,410.0202558162424,305.4227477166085
57960.0,406.0141009028544,304.6271520879821
58020.0,342.2278364001577,305.56012809201957
58080.0,451.75708325346227,305.39801226451306
58140.0,374.4195360552341,304.8934782841714
58200.0,435.08514044987976,305.48096009829345
58260.0,379.7738835391051,305.54545783603635
58320.0,427.4730229884359,304.97516762102623
58380.0,435.42884119193315,305.954485746172
58440.0,434.9029777287118,304.8525316224931
58500.0,438.6588800648433,305.7270187892148
58560.0,412.06092727035985,306.02241201757965
58620.0,357.10431145353397,305.56848936217403
58680.0,331.04818049461386,304.7223619381062
58740.0,367.9676841690155,305.46336117388523
58800.0,402.7765552317854,304.8894070675545
58860.0,412.6325202301894,305.99695348315674
58920.0,383.58969441152345,305.0164030252837
58980.0,399.134705717762,306.32925239685306
59040.0,417.65787291983554,305.5309924787654
59100.0,392.74722178807906,306.02940509006453
59160.0,359.2210379246991,304.69305216868213
59220.0,352.174395650476,305.28367793494334
59280.0,384.8139715069676,305.1033491781147
59340.0,376.16710636011686,305.3947458414288
59400.0,344.33264271854966,304.75185564032404
59460.0,367.3661693740981,304.2637643366946
59520.0,421.56946909932816,305.1197356572108
59580.0,397.965092109541,305.1033416288486
59640.0,394.5337117476003,304.53720085681897
59700.0,378.77843870359465,304.6795344999818
59760.0,392.4403941922664,304.5627128886863
59820.0,364.27208941987135,304.47858556444424
59880.0,356.7478625403168,304.5886024410859
59940.0,369.02460059177406,304.8224569078367
60000.0,368.2117550405506,304.88696909868474
60060.0,369.65689070500986,305.3235136963202
60120.0,348.7951001237794,304.1445917413031
60180.0,303.9311023255299,304.50996549129314
60240.0,333.56876171444566,305.6550259810419
60300.0,335.59576390653024,305.3720478676485
60360.0,233.74453103438304,304.87418871812923
60420.0,300.6998650697919,305.462201789301
60480.0,270.08184592450897,304.47863693525994
60540.0,313.8665095860839,304.42980744067586
60600.0,297.6758468715301,304.1428070330965
60660.0,303.8934097079336,304.0905347298138
60720.0,258.48593572010907,304.1770398826805
60780.0,332.32385572306345,303.78630094950444
60840.0,306.59832573396176,304.59534087906655
60900.0,266.148316186747,304.40428825383617
60960.0,199.0814514042625,304.04952260205596
61020.0,193.19394136789083,304.1147039618688
61080.0,277.46052168981674,304.04204266506594
61140.0,148.80488194856457,303.9525343307683
61200.0,255.22196540084954,303.64300704991837
61260.0,230.68980481464774,304.43271365816133
61320.0,258.8154571477031,304.252425350428
61380.0,255.67308074617668,303.4085963803899
61440.0,220.57438915080297,305.379080582119
61500.0,239.11035673078447,303.5453975033801
61560.0,185.03268988390874,304.0260887581035
61620.0,210.68684223832742,304.1641795292877
61680.0,236.21421201057433,304.07454317879984
61740.0,194.23623140556975,304.3046278883438
61800.0,200.75507893035135,304.04064759239265
61860.0,194.0388018275297,304.4669847622284
61920.0,189.66095227586,304.85136443033343
61980.0,177.56949282991616,302.5588568996924
62040.0,181.4528159354175,304.4890155996116
62100.0,167.8519381976375,303.79713837681436
62160.0,183.14947352088808,304.4925109487388
62220.0,177.6396645926481,303.7778531973545
62280.0,181.43682307201504,304.3282681643828
62340.0,124.70884395543774,304.3287947040218
62400.0,222.52086304187623,303.9766419492837
62460.0,193.2391482033319,304.02622792761804
62520.0,150.09522852161973,304.0731347536691
62580.0,119.54854757267587,304.34817694549895
62640.0,148.56182428713666,303.7539101653082
62700.0,170.18413953380835,303.46811249347587
62760.0,106.33606431089902,303.5142875912948
62820.0,120.89455267618075,303.7940388908406
62880.0,201.97739884845302,303.9403885810869
62940.0,114.01540042746295,303.4721109884025
63000.0,110.46483509844192,303.52081648724834
63060.0,133.1177211559705,303.96875755314085
63120.0,126.06415851325457,303.42949427115786
63180.0,162.93208964195546,302.7939385137682
63240.0,145.418117655442,302.33175742788535
63300.0,39.113414693385636,304.05406416046645
63360.0,147.69835092038323,303.3679800502734
63420.0,104.28014014205375,303.2711771454169
63480.0,112.08976948285284,303.34626253388797
63540.0,103.67351542380663,303.3725183503481
63600.0,152.48913347037467,303.33865229248175
63660.0,129.58887310829056,303.0326063579397
63720.0,103.54506268320176,303.3740117552291
63780.0,126.99596351471476,304.203529986829
63840.0,137.45146538126102,303.68843907296974
63900.0,87.87434985678945,304.2639789024333
63960.0,154.92109973082327,303.9515657182526
64020.0,146.43090216230283,303.5017067462663
64080.0,126.4327555454665,303.3421973786126
64140.0,80.66298009215235,303.2238780724488
64200.0,156.95188496567184,303.7921043110942
64260.0,117.37801008084901,303.9632132452374
64320.0,167.11685390748144,301.9933752909433
64380.0,120.99081335443046,303.425164425997
64440.0,152.8931045630464,303.9120812322757
64500.0,135.29817395342536,302.6775521646817
64560.0,164.4611478710445,303.2442044972069
64620.0,78.0596197737137,303.2388859346217
64680.0,151.69304553900594,303.4125144804241
64740.0,114.71722036031883,303.1627155594489
64800.0,0.0,302.7749971891969
64860.0,0.0,302.12209403075724
64920.0,0.0,302.9779595302693
64980.0,0.0,302.41932255732456
65040.0,0.0,303.100196249036
65100.0,0.0,302.90332104828525
65160.0,0.0,302.8287264829077
65220.0,0.0,301.6000001243483
65280.0,0.0,302.1557247772829
65340.0,0.0,303.1339733465908
65400.0,0.0,303.0539913008241
65460.0,0.0,302.5304810102369
65520.0,0.0,303.5845251278417
65580.0,0.0,302.4917376245747
65640.0,0.0,303.0120426029198
65700.0,0.0,301.9164043124017
65760.0,0.0,302.1086462060729
65820.0,0.0,302.63138206748596
65880.0,0.0,303.5250492577327
65940.0,0.0,302.900719112918
66000.0,0.0,302.7007430042677
66060.0,0.0,302.467096007636
66120.0,0.0,302.8858974240322
66180.0,0.0,302.4651053939963
66240.0,0.0,302.61937355915745
66300.0,0.0,302.85750363904214
66360.0,0.0,303.1746910990931
66420.0,0.0,302.2695969234547
66480.0,0.0,301.61767506822974
66540.0,0.0,302.3277520924008
66600.0,0.0,302.23058922438804
66660.0,0.0,302.048577285758
66720.0,0.0,300.7382491862312
66780.0,0.0,302.4679078045808
66840.0,0.0,302.45390735997665
66900.0,0.0,301.22158583318065
66960.0,0.0,301.6095702057074
67020.0,0.0,302.0510320767667
67080.0,0.0,302.52875230102177
67140.0,0.0,302.3964760360194
67200.0,0.0,301.7575539955286
67260.0,0.0,302.2244619084227
67320.0,0.0,301.4169191522105
67380.0,0.0,301.94400029944734
67440.0,0.0,301.23210163672707
67500.0,0.0,301.4967087864073
67560.0,0.0,302.05959479320023
67620.0,0.0,300.5895112479863
67680.0,0.0,301.4888296922963
67740.0,0.0,301.74162005291385
67800.0,0.0,301.49196134726674
67860.0,0.0,302.06208165940063
67920.0,0.0,300.8885691340386
67980.0,0.0,301.1574530387576
68040.0,0.0,300.7007100399185
68100.0,0.0,300.9287904129338
68160.0,0.0,300.468275485578
68220.0,0.0,300.38357283675657
68280.0,0.0,300.10127184400073
68340.0,0.0,301.1140877499759
68400.0,0.0,301.4921219019908
68460.0,0.0,300.6271954998852
68520.0,0.0,301.138523582985
68580.0,0.0,301.30393947890434
68640.0,0.0,300.535252720001
68700.0,0.0,300.56263614639795
68760.0,0.0,301.0926469745739
68820.0,0.0,300.65762568101155
68880.0,0.0,301.6943096538729
68940.0,0.0,301.5487831171768
69000.0,0.0,300.7363116770341
69060.0,0.0,300.8358854569783
69120.0,0.0,301.2982552428241
69180.0,0.0,299.97434601058836
69240.0,0.0,300.65773886914667
69300.0,0.0,298.898433123822
69360.0,0.0,300.29036146469355
69420.0,0.0,300.3593931022451
69480.0,0.0,301.04071999430784
69540.0,0.0,299.22081218743125
69600.0,0.0,300.97229733163107
69660.0,0.0,299.6919927716767
69720.0,0.0,299.6059842557258
69780.0,0.0,300.8067887218242
69840.0,0.0,299.7301736628781
69900.0,0.0,300.9334087921052
69960.0,0.0,301.12884279232713
70020.0,0.0,299.5906728799376
70080.0,0.0,300.17639660590726
70140.0,0.0,299.8366879035461
70200.0,0.0,300.44882400978184
70260.0,0.0,300.8153877945352
70320.0,0.0,299.82227144924246
70380.0,0.0,299.889519771612
70440.0,0.0,299.8359388640195
70500.0,0.0,300.0895712590775
70560.0,0.0,300.8554336747004
70620.0,0.0,299.94268941305285
70680.0,0.0,300.19890997063874
70740.0,0.0,298.78610036015726
70800.0,0.0,300.45741676430634
70860.0,0.0,299.5386021024456
70920.0,0.0,299.113099631163
70980.0,0.0,300.16038844901504
71040.0,0.0,299.6887706252669
71100.0,0.0,299.71567110821474
71160.0,0.0,299.17701045167
71220.0,0.0,299.4536684444669
71280.0,0.0,300.37224671365357
71340.0,0.0,299.8009200992118
71400.0,0.0,299.5739057706361
71460.0,0.0,299.423980152783
71520.0,0.0,299.3754767327825
71580.0,0.0,299.73622386617336
71640.0,0.0,299.613024465254
71700.0,0.0,299.44091633604654
71760.0,0.0,299.5556767502522
71820.0,0.0,299.8182505201228
71880.0,0.0,299.10270626031996
71940.0,0.0,298.5794403344978
72000.0,0.0,299.29279052982315
72060.0,0.0,298.7666846356293
72120.0,0.0,298.3457966201015
72180.0,0.0,298.843605595495
72240.0,0.0,299.31750882753454
72300.0,0.0,298.5532927969916
72360.0,0.0,299.0862948881642
72420.0,0.0,300.0547666589478
72480.0,0.0,298.70948117365594
72540.0,0.0,298.4105470504056
72600.0,0.0,298.3339100406317
72660.0,0.0,298.7396773438975
72720.0,0.0,299.2848930229278
72780.0,0.0,299.374261669418
72840.0,0.0,298.02067172721127
72900.0,0.0,298.408822024781
72960.0,0.0,299.01814034067803
73020.0,0.0,299.15917834447146
73080.0,0.0,299.3348054798107
73140.0,0.0,299.51032073285995
73200.0,0.0,297.52935108864295
73260.0,0.0,298.7189835477371
73320.0,0.0,298.9608695042378
73380.0,0.0,297.8772878934534
73440.0,0.0,297.88833172717773
73500.0,0.0,297.8186549584897
73560.0,0.0,298.5018004732897
73620.0,0.0,297.2249630500403
73680.0,0.0,298.6823968379901
73740.0,0.0,298.0342708509795
73800.0,0.0,298.782120901958
73860.0,0.0,298.75839302661427
73920.0,0.0,298.8367732194109
73980.0,0.0,298.1108995485224
74040.0,0.0,298.4969466584735
74100.0,0.0,298.5279880095571
74160.0,0.0,298.6470952399884
74220.0,0.0,297.94677955865006
74280.0,0.0,297.297622523037
74340.0,0.0,297.7085021036065
74400.0,0.0,298.32423311541737
74460.0,0.0,297.851139762038
74520.0,0.0,297.7656995929405
74580.0,0.0,297.43002470514307
74640.0,0.0,297.6941552400406
74700.0,0.0,297.195607154857
74760.0,0.0,297.0447660825269
74820.0,0.0,297.6664637570265
74880.0,0.0,297.3647483397546
74940.0,0.0,296.58991094561645
75000.0,0.0,297.2043311531098
75060.0,0.0,296.46528042064006
75120.0,0.0,297.6229105961209
75180.0,0.0,297.51245345533135
75240.0,0.0,297.31513988083236
75300.0,0.0,296.7627429354069
75360.0,0.0,296.8928938119244
75420.0,0.0,296.50098471745684
75480.0,0.0,296.7946991704566
75540.0,0.0,296.9792944774237
75600.0,0.0,297.7378482862762
75660.0,0.0,297.5845342503258
75720.0,0.0,297.25686161663356
75780.0,0.0,296.89875009162773
75840.0,0.0,296.98941890591476
75900.0,0.0,297.6053370367286
75960.0,0.0,296.9860818150139
76020.0,0.0,297.2493007796652
76080.0,0.0,297.05030177734386
76140.0,0.0,297.3311681621026
76200.0,0.0,296.2901446984762
76260.0,0.0,297.35718200184783
76320.0,0.0,296.4412419439833
76380.0,0.0,297.1060761705169
76440.0,0.0,296.71073858652056
76500.0,0.0,296.7445096036196
76560.0,0.0,295.80131005579966
76620.0,0.0,296.81569586564683
76680.0,0.0,296.2506962228793
76740.0,0.0,296.1794903034572
76800.0,0.0,296.43870081006213
76860.0,0.0,295.4522716206234
76920.0,0.0,296.3190026954815
76980.0,0.0,296.2227395801072
77040.0,0.0,296.73706733079956
77100.0,0.0,296.3799888133563
77160.0,0.0,296.49781632604385
77220.0,0.0,297.1088030918131
77280.0,0.0,295.56624357658484
77340.0,0.0,296.0382994422671
77400.0,0.0,295.78323109179206
77460.0,0.0,296.1444969445882
77520.0,0.0,295.1945457745167
77580.0,0.0,295.9832504883221
77640.0,0.0,296.30617595388253
77700.0,0.0,295.7202384582625
77760.0,0.0,295.57722515239925
77820.0,0.0,296.27358626449006
77880.0,0.0,296.58755611378325
77940.0,0.0,295.30129749811135
78000.0,0.0,294.9654752538795
78060.0,0.0,295.7703491452992
78120.0,0.0,295.96430706269524
78180.0,0.0,295.99721774630297
78240.0,0.0,296.4976082610782
78300.0,0.0,296.8802655715756
78360.0,0.0,295.5621048898324
78420.0,0.0,295.9442584890139
78480.0,0.0,295.1499567694931
78540.0,0.0,295.61079250954816
78600.0,0.0,295.41620845514115
78660.0,0.0,295.85247334789506
78720.0,0.0,295.2630060765306
78780.0,0.0,295.1164929338936
78840.0,0.0,295.17086035714175
78900.0,0.0,295.9939649923021
78960.0,0.0,295.3645867115957
79020.0,0.0,295.7565720448871
79080.0,0.0,295.07329765733186
79140.0,0.0,295.49846613169655
79200.0,0.0,294.7618434417604
79260.0,0.0,295.72443968213474
79320.0,0.0,294.2473160194101
79380.0,0.0,295.249582504266
79440.0,0.0,294.48910310026054
79500.0,0.0,295.0641876568792
79560.0,0.0,294.74403162778873
79620.0,0.0,295.3991823400638
79680.0,0.0,295.39831683928287
79740.0,0.0,294.8082268251662
79800.0,0.0,294.30320712996706
79860.0,0.0,294.5686062715406
79920.0,0.0,294.2010000967686
79980.0,0.0,294.9322250709028
80040.0,0.0,294.4719321143503
80100.0,0.0,294.50430152185714
80160.0,0.0,294.28141023068895
80220.0,0.0,295.1050128353514
80280.0,0.0,294.91437522251965
80340.0,0.0,294.8993955411402
80400.0,0.0,294.5262033618914
80460.0,0.0,294.42078030724014
80520.0,0.0,293.5941022957693
80580.0,0.0,294.1875675064858
80640.0,0.0,295.0941171139522
80700.0,0.0,293.1966930758579
80760.0,0.0,294.76465966188306
80820.0,0.0,294.7370352595664
80880.0,0.0,294.67675038751787
80940.0,0.0,294.4779223332909
81000.0,0.0,294.4612417091482
81060.0,0.0,294.99515954807475
81120.0,0.0,293.1642999818765
81180.0,0.0,293.58706508867067
81240.0,0.0,293.88048402310943
81300.0,0.0,294.1251949445472
81360.0,0.0,294.1796813501483
81420.0,0.0,293.91517023675505
81480.0,0.0,292.8559789787742
81540.0,0.0,293.51993207356725
81600.0,0.0,293.7584327945375
81660.0,0.0,293.7008784290226
81720.0,0.0,293.76003042309446
81780.0,0.0,294.522863570127
81840.0,0.0,293.8045662237712
81900.0,0.0,293.86690007102214
81960.0,0.0,293.3766354915881
82020.0,0.0,292.8337052759218
82080.0,0.0,293.2058987907873
82140.0,0.0,293.36666417369725
82200.0,0.0,293.49920099875135
82260.0,0.0,292.78349084450986
82320.0,0.0,292.94166778449085
82380.0,0.0,292.7427996846939
82440.0,0.0,292.78158929864014
82500.0,0.0,292.4272303936142
82560.0,0.0,293.6251444685144
82620.0,0.0,293.4241151329812
82680.0,0.0,292.93334726140955
82740.0,0.0,293.10482643850366
82800.0,0.0,292.9630749329487
82860.0,0.0,292.7866704356019
82920.0,0.0,293.00283072818775
82980.0,0.0,293.0478327668263
83040.0,0.0,292.95472712546916
83100.0,0.0,292.81137774781547
83160.0,0.0,293.2266114724778
83220.0,0.0,293.1080515368261
83280.0,0.0,292.7355854177992
83340.0,0.0,293.63408180244136
83400.0,0.0,292.43860607174787
83460.0,0.0,293.03730445725495
83520.0,0.0,292.4596516087789
83580.0,0.0,292.59539205224064
83640.0,0.0,293.1555924923727
83700.0,0.0,292.69679552393467
83760.0,0.0,292.71891142622906
83820.0,0.0,292.2808493643885
83880.0,0.0,291.5463856717515
83940.0,0.0,291.9904339361982
84000.0,0.0,292.69787078425526
84060.0,0.0,293.7104736817558
84120.0,0.0,292.3987456209442
84180.0,0.0,292.49005127940717
84240.0,0.0,291.8958849205551
84300.0,0.0,292.73921275034525
84360.0,0.0,292.0321589514637
84420.0,0.0,292.58299308948574
84480.0,0.0,292.2611959820885
84540.0,0.0,292.1109262192056
84600.0,0.0,292.0263672960781
84660.0,0.0,290.75832471626234
84720.0,0.0,291.3370375444652
84780.0,0.0,291.7825243450816
84840.0,0.0,292.9667121671833
84900.0,0.0,292.46235934689923
84960.0,0.0,291.45003032294676
85020.0,0.0,291.88477114077745
85080.0,0.0,291.4575227956791
85140.0,0.0,292.30433561836287
85200.0,0.0,291.94923223184406
85260.0,0.0,291.1697812670945
85320.0,0.0,291.12391306236003
85380.0,0.0,291.7110396033668
85440.0,0.0,291.28121760985954
85500.0,0.0,291.56742658444523
85560.0,0.0,291.8449959700397
85620.0,0.0,291.3694541473566
85680.0,0.0,291.1674733514602
85740.0,0.0,291.4606926470961
85800.0,0.0,291.1186748472
85860.0,0.0,290.8923841464276
85920.0,0.0,291.4473103652089
85980.0,0.0,291.09600461059904
86040.0,0.0,291.7821385481797
86100.0,0.0,291.4160360435158
86160.0,0.0,291.3268714390408
86220.0,0.0,291.9970494832097
86280.0,0.0,290.0741058405387
86340.0,0.0,290.574432261544
86400.0,0.0,291.6274104601721
